group,quantity,estimate,ci_low,ci_high,truth
all,new,0.0538333333333334,0.04308333333333336,0.06441875,0.05334508800233495
all,diverted,0.06125,0.05091458333333334,0.07175000000000001,0.05826313032689989
all,took_both,0.005583333333333333,0.004333333333333333,0.0069166666666666664,0.0061564099748328115
all,card_takeup_both_arm,0.12066666666666667,0.11466458333333333,0.12641666666666668,0.11776462830406778
all,loan_takeup_loan_arm,0.23533333333333334,0.22783333333333333,0.24283541666666666,0.23800144697793113
all,loan_takeup_both_arm,0.17408333333333334,0.16741666666666666,0.18083333333333335,0.17973831665103124
low,new,-0.017028143425641407,-0.035760872489756686,0.0012277675137283668,-0.007202821391841585
low,diverted,0.057974226843749255,0.04049078029268345,0.07614968315263765,0.04888747638614738
low,took_both,0.001525940996948118,0.000508646998982706,0.002797558494404883,0.002258878376910807
low,card_takeup_both_arm,0.04247202441505595,0.03662258392675483,0.04857578840284842,0.04394353337121652
low,loan_takeup_loan_arm,0.2380352644836272,0.2244332493702771,0.2518891687657431,0.23793274723057573
low,loan_takeup_both_arm,0.18006103763987794,0.1683621566632757,0.19202060020345876,0.18904527084442835
middle,new,0.0336894375982324,0.014179825932242141,0.0524584142562195,0.03281268789359448
middle,diverted,0.05846158078229419,0.04126128205999514,0.07668744211236332,0.05510038290563066
middle,took_both,0.004967709885742673,0.0029806259314456036,0.007203179334326876,0.004807124156172349
middle,card_takeup_both_arm,0.09711872826626924,0.08842523596621957,0.10631520119225034,0.0927201949553975
middle,loan_takeup_loan_arm,0.23903783512904034,0.2260022550739163,0.25281884239538965,0.23828063576648406
middle,loan_takeup_both_arm,0.18057625434674615,0.16815697963238946,0.1925049677098857,0.1831802528608534
high,new,0.14282853754321878,0.12352340073937686,0.16336736885872394,0.13443332795569396
high,diverted,0.06721599486647933,0.05038166349149725,0.0835476873859386,0.07080272824843722
high,took_both,0.010143493320138546,0.007174666006927264,0.013359722909450767,0.011403790059325061
high,card_takeup_both_arm,0.22018802572983673,0.20732310737258783,0.23255813953488372,0.21663984626345656
high,loan_takeup_loan_arm,0.22901708343649418,0.21589502352067344,0.24213914335231493,0.2377903949740718
high,loan_takeup_both_arm,0.16180108857001485,0.15091538842157348,0.1731815932706581,0.1669876667256346
